{"cameraMode":{"drawMode":0,"name":"Shaded","section":"Shading Mode"},"sceneLighting":false,"audioPlay":false,"sceneViewState":{"showFog":false,"showMaterialUpdate":false,"showSkybox":false,"showFlares":false,"showImageEffects":false,"showParticleSystems":false},"in2DMode":false,"pivot":{"x":382.2569274902344,"y":33.527130126953128,"z":-29.3048095703125},"rotation":{"x":-0.1345236450433731,"y":-0.031208259984850885,"z":0.0042389011941850189,"w":-0.990409791469574},"size":670.2326049804688,"orthographic":false}