{"cameraMode":{"drawMode":0,"name":"Shaded","section":"Shading Mode"},"sceneLighting":true,"audioPlay":false,"sceneViewState":{"showFog":false,"showMaterialUpdate":false,"showSkybox":false,"showFlares":false,"showImageEffects":false,"showParticleSystems":false},"in2DMode":false,"pivot":{"x":238.1430206298828,"y":135.35009765625,"z":-67.682861328125},"rotation":{"x":0.13692156970500947,"y":0.09553468972444534,"z":-0.01326813455671072,"w":0.9858750700950623},"size":1024.01123046875,"orthographic":false}