{"cameraMode":{"drawMode":0,"name":"Shaded","section":"Shading Mode"},"sceneLighting":true,"audioPlay":false,"sceneViewState":{"showFog":false,"showMaterialUpdate":false,"showSkybox":false,"showFlares":false,"showImageEffects":false,"showParticleSystems":false},"in2DMode":false,"pivot":{"x":266.87353515625,"y":168.029296875,"z":4.375},"rotation":{"x":0.015897506847977639,"y":0.0014998156111687422,"z":-0.000023835191313992254,"w":0.9998725056648254},"size":579.378662109375,"orthographic":true}